{
  "x_percent": 50.0,
  "n_tail": 90,
  "r2": 0.5072216337997704,
  "n": 90,
  "mean_diff": -0.0018106735918814389,
  "std_diff": 0.0167626218065353,
  "rmse": 0.016767288620619922,
  "annualized_std": 0.05806742527396227,
  "information_ratio_annualized": -0.3741871281542812,
  "cumulative_tracking_error_end": 0.016767288620619925,
  "avg_turnover_tail": 0.030798707383817844
}